analysis,status,reason,input_n,early_label_n,not_completed_label_n,risk_early,risk_not_completed,rd,rr,events_early,events_not_completed,ess_early,ess_not_completed,bootstrap_successful,ci_rd_low,ci_rd_high,ci_rr_low,ci_rr_high,family,level
prespecified subgroup,PASS,,1407,334,1073,0.04682082845440305,0.1087253551511218,-0.061904526696718754,0.43063394356656615,20,121,275.39023951926697,838.6576093564686,500,-0.09307644534800769,-0.024463232869453105,0.19083188851446345,0.7495201100427201,age,<65
prespecified subgroup,PASS,,3942,587,3355,0.06931486825193023,0.12378079464690894,-0.054465926394978714,0.5599807987148123,67,386,462.94651287483487,2290.4601307777725,500,-0.07743828721863719,-0.027904241032209447,0.3964621721687207,0.7624499123466816,age,65+
prespecified subgroup,PASS,,2623,442,2181,0.05558009130610475,0.11897860487227385,-0.0633985135661691,0.4671435790138168,44,247,344.46524811173356,1505.140589140937,500,-0.08925808175042402,-0.035604776225738655,0.3026921562082287,0.6881036165205022,sex,female
prespecified subgroup,PASS,,2726,479,2247,0.06134240956113113,0.11726283392350101,-0.05592042436236988,0.5231189415151709,44,260,377.21056793001463,1625.9894893131482,500,-0.08277375633454977,-0.023475579007771863,0.3163622245396531,0.794182119812277,sex,male
prespecified subgroup,PASS,,1715,364,1351,0.06332669060866358,0.09243183357572637,-0.02910514296706279,0.6851177582318769,33,126,295.39572523483486,1024.8538376435133,500,-0.05998669447403262,0.004778081857953773,0.40164984476459037,1.0551836594983741,comorbidity,0-1 chronic-code proxies
prespecified subgroup,PASS,,3634,557,3077,0.05610540970847666,0.1346661564911239,-0.07856074678264724,0.41662590787741594,55,399,416.8664652535157,2117.0356915130205,500,-0.10450191019406957,-0.049913986877328904,0.26372790114588845,0.615226340944277,comorbidity,2+ chronic-code proxies
prespecified subgroup,PASS,,1300,225,1075,0.03137880355788902,0.09782636181542559,-0.06644755825753657,0.32076020180626924,18,105,168.02615364249988,648.9496780907306,500,-0.09352907007419724,-0.034112935388079337,0.14447975684313305,0.5922637521359665,ERCP procedure day,day 0
prespecified subgroup,PASS,,4049,696,3353,0.06820662842687675,0.1225874007179123,-0.05438077229103555,0.5563918316844652,70,402,555.0220985408153,2483.7456410953687,500,-0.07895100519949724,-0.02971418918240706,0.39271783366150104,0.7446836471119073,ERCP procedure day,day 1+
prespecified subgroup,PASS,,830,190,640,0.062131973173261135,0.11888291401729756,-0.056750940844036424,0.5226316471702643,16,70,162.6673579662437,473.8254227340402,500,-0.10059996075486607,-0.0031486816722448583,0.22039627790329636,0.9699641793793212,hospital teaching status,non-teaching
prespecified subgroup,PASS,,4519,731,3788,0.05846542033756441,0.11755306208550143,-0.059087641747937014,0.49735344448143753,73,435,554.6858709846233,2645.337157846835,500,-0.08310672799641437,-0.03523337345074201,0.3388897579666446,0.692682449372274,hospital teaching status,teaching
